firstname,lastname,email,country,groups,type,username,domain
Test,User-1,Test.User-11@seaofcarag.com,US,All Sea of Carag,federatedID,Test.User-11@seaofcarag.com,seaofcarag.com
Test,User-2,Test.User-22@seaofcarag.com,US,All Sea of Carag,federatedID,Test.User-22@seaofcarag.com,seaofcarag.com
Test,User-3,Test.User-33@seaofcarag.com,US,All Sea of Carag,federatedID,Test.User-33@seaofcarag.com,seaofcarag.com
Test,User-4,Test.User-44@seaofcarag.com,US,All Sea of Carag,federatedID,Test.User-44@seaofcarag.com,seaofcarag.com
Test,User-5,Test.User-55@seaofcarag.com,US,All Sea of Carag,federatedID,Test.User-55@seaofcarag.com,seaofcarag.com
Test,User-6,Test.User-66@seaofcarag.com,US,All Sea of Carag,federatedID,Test.User-66@seaofcarag.com,seaofcarag.com
Test,User-7,Test.User-77@seaofcarag.com,US,All Sea of Carag,federatedID,Test.User-77@seaofcarag.com,seaofcarag.com
Test,User-8,Test.User-88@seaofcarag.com,US,All Sea of Carag,federatedID,Test.User-88@seaofcarag.com,seaofcarag.com
Test,User-9,Test.User-99@seaofcarag.com,US,All Sea of Carag,federatedID,Test.User-99@seaofcarag.com,seaofcarag.com
Test,User-10,Test.User-1010@seaofcarag.com,US,All Sea of Carag,federatedID,Test.User-1010@seaofcarag.com,seaofcarag.com
Test,User-11,Test.User-1111@seaofcarag.com,US,All Sea of Carag,federatedID,Test.User-1111@seaofcarag.com,seaofcarag.com
Test,User-12,Test.User-1212@seaofcarag.com,US,All Sea of Carag,federatedID,Test.User-1212@seaofcarag.com,seaofcarag.com
Test,User-13,Test.User-1313@seaofcarag.com,US,All Sea of Carag,federatedID,Test.User-1313@seaofcarag.com,seaofcarag.com
Test,User-14,Test.User-1414@seaofcarag.com,US,All Sea of Carag,federatedID,Test.User-1414@seaofcarag.com,seaofcarag.com
Test,User-15,Test.User-1515@seaofcarag.com,US,All Sea of Carag,federatedID,Test.User-1515@seaofcarag.com,seaofcarag.com
Test,User-16,Test.User-1616@seaofcarag.com,US,All Sea of Carag,federatedID,Test.User-1616@seaofcarag.com,seaofcarag.com
Test,User-17,Test.User-1717@seaofcarag.com,US,All Sea of Carag,federatedID,Test.User-1717@seaofcarag.com,seaofcarag.com
Test,User-18,Test.User-1818@seaofcarag.com,US,All Sea of Carag,federatedID,Test.User-1818@seaofcarag.com,seaofcarag.com
Test,User-19,Test.User-1919@seaofcarag.com,US,All Sea of Carag,federatedID,Test.User-1919@seaofcarag.com,seaofcarag.com
Test,User-20,Test.User-2020@seaofcarag.com,US,All Sea of Carag,federatedID,Test.User-2020@seaofcarag.com,seaofcarag.com
Test,User-21,Test.User-2121@seaofcarag.com,US,All Sea of Carag,federatedID,Test.User-2121@seaofcarag.com,seaofcarag.com
Test,User-22,Test.User-2222@seaofcarag.com,US,All Sea of Carag,federatedID,Test.User-2222@seaofcarag.com,seaofcarag.com
Test,User-23,Test.User-2323@seaofcarag.com,US,All Sea of Carag,federatedID,Test.User-2323@seaofcarag.com,seaofcarag.com
Test,User-24,Test.User-2424@seaofcarag.com,US,All Sea of Carag,federatedID,Test.User-2424@seaofcarag.com,seaofcarag.com
Test,User-25,Test.User-2525@seaofcarag.com,US,All Sea of Carag,federatedID,Test.User-2525@seaofcarag.com,seaofcarag.com
Test,User-26,Test.User-2626@seaofcarag.com,US,All Sea of Carag,federatedID,Test.User-2626@seaofcarag.com,seaofcarag.com
Test,User-27,Test.User-2727@seaofcarag.com,US,All Sea of Carag,federatedID,Test.User-2727@seaofcarag.com,seaofcarag.com
Test,User-28,Test.User-2828@seaofcarag.com,US,All Sea of Carag,federatedID,Test.User-2828@seaofcarag.com,seaofcarag.com
Test,User-29,Test.User-2929@seaofcarag.com,US,All Sea of Carag,federatedID,Test.User-2929@seaofcarag.com,seaofcarag.com
Test,User-30,Test.User-3030@seaofcarag.com,US,All Sea of Carag,federatedID,Test.User-3030@seaofcarag.com,seaofcarag.com
Test,User-31,Test.User-3131@seaofcarag.com,US,All Sea of Carag,federatedID,Test.User-3131@seaofcarag.com,seaofcarag.com
Test,User-32,Test.User-3232@seaofcarag.com,US,All Sea of Carag,federatedID,Test.User-3232@seaofcarag.com,seaofcarag.com
Test,User-33,Test.User-3333@seaofcarag.com,US,All Sea of Carag,federatedID,Test.User-3333@seaofcarag.com,seaofcarag.com
Test,User-34,Test.User-3434@seaofcarag.com,US,All Sea of Carag,federatedID,Test.User-3434@seaofcarag.com,seaofcarag.com
